exec-019a1aaa-3aee-437f-a458-60072443dba7.png	191K41Guantes Nailon N 6 Blanco Negro PR.png
exec-019a1aaa-3aee-437f-a458-60072443dba7.png	191K42Guantes Nailon N 7 Blanco Negro PR.png
exec-019a1aaa-3aee-437f-a458-60072443dba7.png	191K43Guantes Nailon N 8 Blanco Negro PR.png
exec-019a1aaa-3aee-437f-a458-60072443dba7.png	191K44Guantes Nailon N 9 Blanco Negro PR.png
exec-019a1aaa-3aee-437f-a458-60072443dba7.png	191K45Guantes Nailon N10 Blanco Negro PR.png
exec-005cf5bb-9b4f-40be-a3e6-a2a567ae70d2.png	1HP85_CARTUCHO P_VAPORES ORGANICO_GAS.png
exec-005cf5bb-9b4f-40be-a3e6-a2a567ae70d2.png	1HP89_CARTUCHO P VAPORES ORGANICOS.png
exec-30c54b28-bb3f-45a2-89df-5ebb3f7e9591.png	1WP33_RESPIRADOR CARA COMPLETA T-M.png
exec-30c54b28-bb3f-45a2-89df-5ebb3f7e9591.png	1WP34_RESPIRADOR CARA COMPLETA T-L.png
exec-0f2d73d9-8a20-4bb9-a145-c60dd11e439a.png	1WR10_CAPUCHA P_SOLDADOR.png
exec-a96ed93b-4b24-466b-9cc1-bc79a8593130.png	1YDM1_PREFILTRO N95 P_PARTICULAS PAQ 10.png
exec-f5256f8c-f10d-4f67-96bd-e73cfdef0042.png	1YDM2_CARTUCHO AMON. PAQ 2.png
exec-0a44d8df-41d1-4641-bf1f-580994c0b371.png	1YDM4_CARTUCHO GASES AC. PAQ 2.png
exec-403b19cb-14c3-4efb-b725-b893dc7c0813.png	1YEM2_TAPON NARANJA C_CORDON DESECHABLE.png
exec-2ff37f2e-cbcc-475d-bc46-ebcdffde9898.png	28C088_TAPON ULTRAFIT C_CORDON REUTILIZA.png
exec-e0789b34-d09a-4ba2-a38a-596c7146ea61.png	28M541_BOTA HULE NEGRA S_CASQUILLO T23.png
exec-e0789b34-d09a-4ba2-a38a-596c7146ea61.png	28M542_BOTA HULE NEGRA S_CASQUILLO T24.png
exec-4fb4cb9b-2b15-4a94-9d9a-f6747f720d10.png	28N838_PROTEC AUDITI 25DB P_CASCOMSA NRR.png
exec-352fc8eb-effb-46fa-9023-bf1209c846d8.png	28P601_TIRANTE BARBIQ GRIS C_BARBI PLSTC.png
exec-48252fa3-7556-4390-9898-9d5484fb3c1a.png	2JGM3_PANT. C_PETO-TIRANTES T-M.png
exec-48252fa3-7556-4390-9898-9d5484fb3c1a.png	2JGM4_PANT. C_PETO-TIRANTES T-G.png
exec-48252fa3-7556-4390-9898-9d5484fb3c1a.png	2JGM6_PANT. C_PETO-TIRANTES T-XL.png
exec-864531f3-41db-4022-86fd-53e5d4190ecf.png	2JN08_CARTUCHO MULTIGAS 3M 6006 PAQ 2.png
exec-1c89539e-4b03-4373-9c6a-03b14afc540d.png	2JP66_CASCO AZUL MSA.png
exec-7a6b5425-ed8b-4656-a1b5-284fc63c3949.png	2JP68_CASCO VERDE MSA.png
exec-5404f0b7-2bd1-4685-91d7-8ba9ae68192b.png	2JP70_CASCO NARANJA MSA.png
exec-632b96c2-1067-4ede-ae4a-59eb3a7d9697.png	2JP72_CASCO ROJO MSA.png
exec-b48e64b8-7ec2-4a2c-93ab-8da727e6782d.png	2JP75_CASCO BLANCO MSA.png
exec-397bdec5-5381-416c-bb46-ea2a9e6858d6.png	2KJM5_FAJA C_SOPORTE SACROLUMBAR T-CH.png
exec-397bdec5-5381-416c-bb46-ea2a9e6858d6.png	2KJM6_FAJA C_SOPORTE SACROLUMBAR T-M..png
exec-397bdec5-5381-416c-bb46-ea2a9e6858d6.png	2KJM7_FAJA C_SOPORTE SACROLUMBAR T-G.png
exec-397bdec5-5381-416c-bb46-ea2a9e6858d6.png	2KJM8_FAJA C_SOPORTE SACROLUMBAR T-XG.png
exec-450d4b6f-3677-4a1c-8b89-5a7dec7ccdc1.png	2KPM0_OVEROL TYVEK, T-M.png
exec-450d4b6f-3677-4a1c-8b89-5a7dec7ccdc1.png	2KPM2_OVEROL TYVEK T-XL.png
exec-450d4b6f-3677-4a1c-8b89-5a7dec7ccdc1.png	2KPM3_OVEROL TYVEK T-XXL.png
exec-71009f41-8d9f-43b2-a7e4-4b556dc63a6a.png	2LEM0_GUANTE NITRILO VERDE T-7.png
exec-71009f41-8d9f-43b2-a7e4-4b556dc63a6a.png	2LEM1_GUANTE NITRILO VERDE T-8.png
exec-71009f41-8d9f-43b2-a7e4-4b556dc63a6a.png	2LEM2_GUANTE NITRILO VERDE T-9.png
exec-71009f41-8d9f-43b2-a7e4-4b556dc63a6a.png	2LEM3_GUANTE NITRILO VERDE T-10.png
exec-cbbb2006-76ec-4a1e-ae86-6f3f23361b2f.png	2ZTM8_MASCARILLA HUMOS SOLDADURA_ OZONO.png
exec-a27ba459-a4e0-408a-8b0f-359e91776d04.png	3AK92_IMPERMEABLE AMARILLO T-M.png
exec-0dd5f0d4-1285-43b8-8374-1bdccaafa9ef.png	3PNM9_OVEROL AMARILLO RESIST QUIMICO T-M.png
exec-0dd5f0d4-1285-43b8-8374-1bdccaafa9ef.png	3PPM0_OVEROL AMARILLO RESIST QUIMICO T-G.png
exec-0dd5f0d4-1285-43b8-8374-1bdccaafa9ef.png	3PPM1_OVEROL AMARILLO RESIST QUIMICO TXL.png
exec-c8cc5376-53d0-4ba3-99a2-a3c154209056.png	42EX32 CHALECO AMARILLO CH ALTA VIS.png
exec-26444aa6-761a-46c8-a624-6606ae8c8cbd.png	4AG93_GAFAS D_SEGUR. LENTE CLARO.png
exec-85fbcadb-3912-4563-8101-d2769d3544a0.png	4NHM7 BOTA BLANCA CON CASQUILLO_T5.png
exec-85fbcadb-3912-4563-8101-d2769d3544a0.png	4NHM8 BOTA BLANCA CON CASQUILLO_T6.png
exec-85fbcadb-3912-4563-8101-d2769d3544a0.png	4NHM9 BOTA BLANCA CON CASQUILLO T7.png
exec-85fbcadb-3912-4563-8101-d2769d3544a0.png	4NJM0 BOTA BLANCA CON CASQUILLO T8.png
exec-85fbcadb-3912-4563-8101-d2769d3544a0.png	4NJM1 BOTA BLANCA CON CASQUILLO T9.png
exec-c8cc5376-53d0-4ba3-99a2-a3c154209056.png	51WK02 CHALECO ALTA-VIS AMARILLO UNIV.png
exec-a27ba459-a4e0-408a-8b0f-359e91776d04.png	5AD49_IMPERMEABLE AMARILLO T-XL.png
exec-a27ba459-a4e0-408a-8b0f-359e91776d04.png	5AZ31_IMPERMEABLE AMARILLO T-G.png
exec-f16cfaf4-574e-4e89-9690-7439bcc7f405.png	5MZP1_RODILLERAS.png
exec-74586929-7ac0-43f7-a4d8-e5f7e2150d76.png	6FGZ6 CONO DE TRAFICO 36 PUL ROJO O NAR.png
exec-74586929-7ac0-43f7-a4d8-e5f7e2150d76.png	6FHC4 CONO TRAFICO 36 PULG ROJO_NARANJA.png
exec-7c1b16e1-d658-412d-afc4-4d827d3e3b1a.png	ANTICAIDAS_AUTORRETRACTIL CONEX RAPIDA.png
exec-b48e64b8-7ec2-4a2c-93ab-8da727e6782d.png	Casco MSA EPP M2303541ARF BLANCO.png
exec-56e45946-3c51-41c0-8c79-3d1b577b6d4c.png	GUANTE ARGONERO CON AJUSTE EN MUÑECA.png
exec-71009f41-8d9f-43b2-a7e4-4b556dc63a6a.png	Guantes ANSELL 37-175_10 EPP WF510.png
exec-71009f41-8d9f-43b2-a7e4-4b556dc63a6a.png	Guantes ANSELL EPP PM-37175-8.png
exec-71009f41-8d9f-43b2-a7e4-4b556dc63a6a.png	Guantes ANSELL EPP PM-37175-9.png
exec-019a1aaa-3aee-437f-a458-60072443dba7.png	Guantes EDGE 48-706_825434 EPP 191K41 T6.png
exec-019a1aaa-3aee-437f-a458-60072443dba7.png	Guantes EDGE 48-706_825435 EPP 191K42 T7.png
exec-019a1aaa-3aee-437f-a458-60072443dba7.png	Guantes EDGE 48-706_825436 EPP 191K43 T8.png
exec-019a1aaa-3aee-437f-a458-60072443dba7.png	Guantes EDGE 48-706_825437 EPP 191K44 T9.png
exec-019a1aaa-3aee-437f-a458-60072443dba7.png	Guantes EDGE 48-706_825438 EPP191K45 T10.png
exec-26444aa6-761a-46c8-a624-6606ae8c8cbd.png	Lentes CONDOR EPP 4VCF4.png
exec-26444aa6-761a-46c8-a624-6606ae8c8cbd.png	Lentes HONEYWELL UVEX A805 EPP 2CVH2.png
exec-1b8f1169-4dc0-4d85-9e0a-e356a8d3154a.png	Manga Resistente a Cortes Negro CH PQ50.png
exec-1b8f1169-4dc0-4d85-9e0a-e356a8d3154a.png	Manga Resistente a Cortes Negro G PQ50.png
exec-cbbb2006-76ec-4a1e-ae86-6f3f23361b2f.png	Mascarilla 3M EPP 3M8515.png
exec-0dd5f0d4-1285-43b8-8374-1bdccaafa9ef.png	Overol Capucha CIE DUPONT EPP QC127S-M.png
exec-0dd5f0d4-1285-43b8-8374-1bdccaafa9ef.png	Overol DUPONT EPP QC127S-XL.png
exec-450d4b6f-3677-4a1c-8b89-5a7dec7ccdc1.png	Overol DUPONT EPP TY127S-XXL.png
exec-397bdec5-5381-416c-bb46-ea2a9e6858d6.png	Soporte JYRSA JYR-816CH3C EPP 2KJM5 CHIC.png
exec-397bdec5-5381-416c-bb46-ea2a9e6858d6.png	Soporte JYRSA JYR-816GD3C EPP 2KJM7 GRAN.png
exec-397bdec5-5381-416c-bb46-ea2a9e6858d6.png	Soporte JYRSA JYR-816MD3C EPP 2KJM6 MEDI.png
